sidering your wife's concerns, but you're also feeling a bit resistant to the idea of quitting smoking altogether. Can you tell me more about what's holding you back from quitting completely?
I don't know, I just feel like I've been smoking for so long, and it's just part of who I am, you know? I don't see why I have to stop just because my wife wants me to.
It sounds like you're feeling a bit attached to your smoking habit, and it's hard for you to imagine a life without it. Can you think of any other times in your life when you've had to make a change, like quitting a bad habit or taking on a new responsibility?
Yeah, I guess so. Like when I was in high school, I used to play video games all day, but then I got into sports and had to balance that with school and stuff. It was tough at first, but I ended up being really good at it and enjoyed it.
That's a great example! It sounds like you were able to adapt to a new situation and make a positive change. Maybe you can apply that same mindset to quitting smoking. What do you think would be the biggest challenge for you in quitting smoking?
I think it would be the social aspect, like I mentioned before. My friends and I always hang out and smoke, and it's just what we do. I don't know how to hang out with them without smoking.
It sounds like you're feeling a bit stuck in this situation. But what if you could find new ways to hang out with your friends that didn't involve smoking? Maybe you could try going to the movies, playing sports, or just hanging out and talking without smoking.
I guess that's not a bad idea. But what if they don't want to do that? What if they just want to smoke and hang out like usual?
Well, that's a possibility. But what if you could lead by example and show them that there are other ways to have fun without smoking? Maybe they'll be interested in trying new things too.
I never thought of it that way. Maybe I could try to suggest some alternative activities to my friends and see how they respond.
That's a great idea! And remember, it's okay if they don't want to do what you're suggesting. You can still hang out with them and have fun without smoking. It's all about finding new ways to connect and have a good time.
Yeah, I guess you're right